{"min": [-0.660088, -0.711221, -0.422986], "max": [0.70041, 0.488663, 0.421027]}